full_name,email,roll_number,enrollment_number,section_id
Madhuri Sharma,madhuri.sharma106@outlook.com,EE24040,EN20240040,A
Shivani Madan,shivani.madan927@gmail.com,CH22957,EN20220957,C
Payal Chawla,payal.chawla133@gmail.com,CS24510,EN20240510,A
Ashish Garg,ashish.garg927@student.edu,EC20636,EN20200636,A
Ankita Kohli,ankita.kohli262@gmail.com,BT24231,EN20240231,C
Ishaan Yadav,ishaan.yadav380@student.edu,EE20882,EN20200882,B
Pallavi Saxena,pallavi.saxena722@gmail.com,EE24847,EN20240847,B
Shivani Reddy,shivani.reddy812@student.edu,IT23084,EN20230084,B
Harsh Yadava,harsh.yadava914@student.edu,CS22925,EN20220925,B
Divya Sharma,divya.sharma99@outlook.com,MA20275,EN20200275,A
Rohan Goyal,rohan.goyal352@gmail.com,PH21537,EN20210537,B
Ayesha Arora,ayesha.arora844@college.ac.in,CS21606,EN20210606,B
Monika Sharma,monika.sharma602@student.edu,PH21720,EN20210720,C
Usha Kohli,usha.kohli698@yahoo.com,MA23060,EN20230060,C
Pankaj Qureshi,pankaj.qureshi648@college.ac.in,BT23896,EN20230896,C
Ishaan Tripathi,ishaan.tripathi533@student.edu,MA24311,EN20240311,D
Ankit Shukla,ankit.shukla50@gmail.com,CH23242,EN20230242,B
Arvind Chopra,arvind.chopra692@gmail.com,BT24844,EN20240844,A
Seema Watts,seema.watts179@college.ac.in,CH24117,EN20240117,D
Sanjeev Naidu,sanjeev.naidu167@yahoo.com,CE20028,EN20200028,B
Himanshu Nair,himanshu.nair704@outlook.com,PH24356,EN20240356,A
Disha Oberoi,disha.oberoi588@student.edu,CE20051,EN20200051,A
Disha Gupta,disha.gupta192@gmail.com,CS22526,EN20220526,D
Sara Dey,sara.dey440@outlook.com,CS24109,EN20240109,A
Usha Jain,usha.jain613@yahoo.com,PH21717,EN20210717,A
Suresh Anand,suresh.anand647@college.ac.in,CE20293,EN20200293,D
Rahul Thakur,rahul.thakur571@student.edu,BT21625,EN20210625,B
Gaurav Arora,gaurav.arora641@college.ac.in,CE21855,EN20210855,C
Rekha Srivastava,rekha.srivastava254@college.ac.in,MA21277,EN20210277,B
Tushar Saxena,tushar.saxena194@yahoo.com,EC21639,EN20210639,D
Tarun Tripathi,tarun.tripathi855@student.edu,CS24842,EN20240842,C
Swati Luthra,swati.luthra338@outlook.com,CE23138,EN20230138,C
Sachin Chandra,sachin.chandra739@yahoo.com,EC24771,EN20240771,C
Kavya Reddy,kavya.reddy596@outlook.com,IT21380,EN20210380,C
Ashish Gupta,ashish.gupta996@outlook.com,ME24671,EN20240671,A
Vijay Dubey,vijay.dubey973@student.edu,BT23831,EN20230831,D
Vinay Wadhwa,vinay.wadhwa890@yahoo.com,CS23232,EN20230232,D
Rakesh Pillai,rakesh.pillai673@outlook.com,BT24339,EN20240339,C
Zara Murthy,zara.murthy959@yahoo.com,CS20030,EN20200030,D
Anjali Varma,anjali.varma194@student.edu,MA21905,EN20210905,B
Alok Pandey,alok.pandey440@student.edu,CH21612,EN20210612,A
Yash Tandon,yash.tandon537@yahoo.com,EC20078,EN20200078,D
Rekha Nanda,rekha.nanda992@college.ac.in,IT20858,EN20200858,C
Priya Mehta,priya.mehta154@college.ac.in,BT23395,EN20230395,A
Gaurav Grover,gaurav.grover497@student.edu,PH20275,EN20202545,A
Gaurav Rastogi,gaurav.rastogi668@yahoo.com,EE20007,EN20200007,A
Pankaj Kumar,pankaj.kumar538@gmail.com,CS22603,EN20220603,D
Ankita Bansal,ankita.bansal150@student.edu,IT20970,EN20200970,B
Yasmin Choudhary,yasmin.choudhary97@college.ac.in,CE21074,EN20210074,B
Piyush Kumar,piyush.kumar616@college.ac.in,PH22919,EN20220919,B
Sara Bansal,sara.bansal333@gmail.com,MA21184,EN20210184,A
Jyoti Batra,jyoti.batra346@outlook.com,CE21653,EN20210653,D
Usha Anand,usha.anand289@outlook.com,EE20777,EN20200777,A
Rohit Jha,rohit.jha472@yahoo.com,CH24649,EN20240649,D
Ananya Varma,ananya.varma120@student.edu,EC22297,EN20220297,B
Vijay Kohli,vijay.kohli566@outlook.com,CE22832,EN20220832,D
Gaurav Rathore,gaurav.rathore580@student.edu,ME24149,EN20240149,B
Mohit Varma,mohit.varma133@gmail.com,CE22326,EN20220326,C
Sneha Chadha,sneha.chadha454@outlook.com,CE22812,EN20220812,C
Ananya Yadav,ananya.yadav499@outlook.com,EC24731,EN20240731,C
Sachin Wadhwa,sachin.wadhwa944@yahoo.com,CE22128,EN20220128,C
Aarav Rathore,aarav.rathore81@gmail.com,CH22751,EN20220751,B
Akash Pandey,akash.pandey227@yahoo.com,BT20054,EN20200054,A
Kriti Qureshi,kriti.qureshi333@student.edu,BT23952,EN20230952,C
Nidhi Saini,nidhi.saini583@college.ac.in,PH23442,EN20230442,A
Sanjeev Bajaj,sanjeev.bajaj479@yahoo.com,EE23892,EN20230892,C
Varun Watts,varun.watts500@yahoo.com,ME24860,EN20240860,B
Simran Grover,simran.grover153@yahoo.com,BT21924,EN20210924,C
Seema Iyer,seema.iyer584@yahoo.com,CE21289,EN20210289,C
Siddharth Khanna,siddharth.khanna579@college.ac.in,IT24272,EN20240272,C
Ankit Qureshi,ankit.qureshi3@yahoo.com,ME21689,EN20210689,C
Disha Negi,disha.negi99@college.ac.in,CE23921,EN20230921,B
Pooja Kapoor,pooja.kapoor593@student.edu,EC23551,EN20230551,D
Rajat Iyer,rajat.iyer927@outlook.com,CE23713,EN20230713,B
Tanvi Lakhotia,tanvi.lakhotia71@gmail.com,ME24113,EN20240113,B
Ashish Kapoor,ashish.kapoor504@yahoo.com,MA21806,EN20210806,A
Shweta Oberoi,shweta.oberoi353@student.edu,EC20217,EN20200217,B
Himanshu Dubey,himanshu.dubey115@outlook.com,CE21534,EN20210534,A
Rakesh Iyer,rakesh.iyer318@outlook.com,CS20867,EN20200867,B
Alok Kumar,alok.kumar76@outlook.com,EC20016,EN20200016,A
Simran Watts,simran.watts370@student.edu,EC23526,EN20230526,C
Deepika Garg,deepika.garg370@yahoo.com,CE23528,EN20230528,C
Ankit Vij,ankit.vij955@student.edu,PH20178,EN20200178,D
Mohit Shukla,mohit.shukla981@student.edu,BT22560,EN20220560,C
Bhavna Naidu,bhavna.naidu447@outlook.com,EE22393,EN20220393,B
Tarun Kapoor,tarun.kapoor529@outlook.com,PH24745,EN20240745,B
Vikram Tandon,vikram.tandon307@college.ac.in,CE20040,EN20200040,A
Ankita Ahuja,ankita.ahuja462@outlook.com,BT24659,EN20240659,A
Kunal Wadhwa,kunal.wadhwa614@gmail.com,CS23762,EN20230762,C
Ashish Dua,ashish.dua280@student.edu,IT23422,EN20230422,B
Rekha Madan,rekha.madan807@outlook.com,CE21801,EN20210801,A
Swati Singh,swati.singh660@yahoo.com,PH21509,EN20210509,B
Shweta Upadhyay,shweta.upadhyay721@gmail.com,EE24793,EN20240793,D
Ekta Mishra,ekta.mishra154@college.ac.in,ME24065,EN20240065,D
Nikhil Chauhan,nikhil.chauhan331@student.edu,CH22276,EN20220276,B
Rohan Bose,rohan.bose656@student.edu,MA20237,EN20200237,D
Alok Uppal,alok.uppal130@yahoo.com,IT23042,EN20230042,C
Suresh Dey,suresh.dey44@yahoo.com,PH21780,EN20210780,D
Ishaan Kapoor,ishaan.kapoor459@gmail.com,CH22618,EN20220618,C
Lakshmi Mishra,lakshmi.mishra406@yahoo.com,CS20593,EN20200593,D
Karan Rastogi,karan.rastogi444@college.ac.in,CS24603,EN20240603,A
Radhika Malhotra,radhika.malhotra309@college.ac.in,IT23652,EN20230652,D
Divya Kumar,divya.kumar388@student.edu,EC24328,EN20240328,D
Vishal Varma,vishal.varma138@college.ac.in,CS21787,EN20210787,D
Rajan Jain,rajan.jain974@outlook.com,EC20067,EN20200067,B
Yasmin Kapoor,yasmin.kapoor437@student.edu,CE23146,EN20230146,B
Lakshmi Ahuja,lakshmi.ahuja717@outlook.com,BT24718,EN20240718,C
Vinay Murthy,vinay.murthy878@student.edu,IT20807,EN20200807,A
Megha Tripathi,megha.tripathi17@outlook.com,CH20537,EN20200537,C
Archana Lal,archana.lal176@student.edu,CH21550,EN20210550,B
Abhishek Bajaj,abhishek.bajaj535@yahoo.com,MA20658,EN20200658,D
Disha Thakur,disha.thakur793@outlook.com,EE20815,EN20200815,C
Varun Chopra,varun.chopra24@yahoo.com,EC22562,EN20220562,C
Rakesh Choudhary,rakesh.choudhary247@gmail.com,EE21731,EN20210731,D
Divya Bhatt,divya.bhatt345@gmail.com,CH22177,EN20220177,B
Siddharth Sethi,siddharth.sethi202@college.ac.in,BT20154,EN20200154,A
Ritika Sinha,ritika.sinha724@yahoo.com,BT20750,EN20200750,B
Rahul Madan,rahul.madan509@student.edu,CH21910,EN20210910,A
Suresh Bansal,suresh.bansal750@college.ac.in,CE21989,EN20210989,D
Ananya Tiwari,ananya.tiwari279@yahoo.com,ME22331,EN20220331,A
Tushar Saxena,tushar.saxena890@gmail.com,PH21165,EN20210165,C
Pooja Arora,pooja.arora766@outlook.com,PH24490,EN20240490,B
Rohit Rathore,rohit.rathore304@yahoo.com,MA21160,EN20210160,D
Jyoti Saxena,jyoti.saxena961@college.ac.in,CS20954,EN20200954,A
Rohan Joshi,rohan.joshi203@outlook.com,ME20864,EN20200864,A
Arjun Sethi,arjun.sethi844@outlook.com,CE24741,EN20240741,A
Alok Bajaj,alok.bajaj42@gmail.com,ME21730,EN20210730,C
Karan Srivastava,karan.srivastava461@outlook.com,BT23428,EN20230428,C
Piyush Singh,piyush.singh464@yahoo.com,ME21910,EN20214563,D
Rekha Walia,rekha.walia898@yahoo.com,EC22497,EN20220497,A
Rajat Pillai,rajat.pillai109@student.edu,BT24423,EN20240423,B
Priya Mehta,priya.mehta918@outlook.com,ME22886,EN20220886,C
Shivani Pillai,shivani.pillai338@college.ac.in,MA22313,EN20220313,C
Zara Naidu,zara.naidu197@gmail.com,CE23486,EN20230486,C
Vandana Mishra,vandana.mishra711@college.ac.in,CE22237,EN20220237,D
Tarun Saini,tarun.saini758@yahoo.com,EC22892,EN20220892,A
Priyanka Reddy,priyanka.reddy188@gmail.com,EC24952,EN20240952,A
Riya Anand,riya.anand711@college.ac.in,PH20517,EN20200517,D
Sanjay Chawla,sanjay.chawla420@college.ac.in,MA24911,EN20240911,B
Tushar Kumar,tushar.kumar644@yahoo.com,EC21660,EN20210660,C
Sakshi Vij,sakshi.vij663@outlook.com,PH24449,EN20240449,B
Deepika Tiwari,deepika.tiwari52@student.edu,MA23051,EN20230051,D
Simran Roy,simran.roy332@gmail.com,PH22913,EN20220913,B
Vinay Saxena,vinay.saxena614@outlook.com,EC24748,EN20240748,D
Ayesha Dey,ayesha.dey814@student.edu,PH22659,EN20220659,B
Rahul Srivastava,rahul.srivastava723@yahoo.com,EE23919,EN20230919,B
Siddharth Xavier,siddharth.xavier380@yahoo.com,IT22903,EN20220903,C
Pooja Upadhyay,pooja.upadhyay539@gmail.com,MA22379,EN20220379,C
Rohit Ahuja,rohit.ahuja685@yahoo.com,BT24066,EN20240066,B
Kriti Bajaj,kriti.bajaj26@outlook.com,IT22164,EN20220164,A
Varun Saini,varun.saini985@outlook.com,EE24107,EN20240107,C
Lokesh Choudhary,lokesh.choudhary245@student.edu,MA23117,EN20230117,C
Kapil Yadava,kapil.yadava884@student.edu,PH23279,EN20230279,B
Yash Yadava,yash.yadava429@outlook.com,ME21688,EN20210688,A
Arjun Chopra,arjun.chopra733@yahoo.com,CE22374,EN20220374,D
Seema Dua,seema.dua738@outlook.com,PH22600,EN20220600,A
Sachin Walia,sachin.walia354@student.edu,CE24497,EN20240497,C
Piyush Iyer,piyush.iyer315@gmail.com,CH23929,EN20230929,D
Ayesha Varma,ayesha.varma352@gmail.com,EE23788,EN20230788,C
Archana Negi,archana.negi434@yahoo.com,IT23023,EN20230023,C
Isha Ahuja,isha.ahuja978@college.ac.in,BT20398,EN20200398,B
Pallavi Sethi,pallavi.sethi897@yahoo.com,EC22094,EN20220094,B
Riya Lakhotia,riya.lakhotia472@gmail.com,EE23656,EN20230656,C
Preeti Prasad,preeti.prasad625@college.ac.in,CE21700,EN20210700,D
Karan Patel,karan.patel802@outlook.com,EC24014,EN20240014,D
Sonal Chauhan,sonal.chauhan248@student.edu,IT23215,EN20230215,C
Jyoti Verma,jyoti.verma350@outlook.com,CH20312,EN20200312,A
Shweta Upadhyay,shweta.upadhyay961@gmail.com,BT23732,EN20230732,B
Vandana Vij,vandana.vij948@outlook.com,CS20045,EN20200045,D
Kapil Luthra,kapil.luthra433@gmail.com,CE24914,EN20240914,C
Madhuri Joshi,madhuri.joshi215@yahoo.com,CH24370,EN20240370,C
Ankita Walia,ankita.walia478@student.edu,MA20595,EN20200595,A
Mohit Watts,mohit.watts538@outlook.com,EE23469,EN20230469,C
Isha Malhotra,isha.malhotra941@outlook.com,CH24911,EN20248374,A
Ananya Bahl,ananya.bahl666@outlook.com,PH23698,EN20230698,A
Simran Khatri,simran.khatri430@yahoo.com,MA23531,EN20230531,D
Rohan Chopra,rohan.chopra180@college.ac.in,CH22911,EN20220911,D
Suresh Chauhan,suresh.chauhan858@outlook.com,IT23229,EN20230229,A
Naveen Yadava,naveen.yadava925@college.ac.in,CE20733,EN20200733,D
Payal Grover,payal.grover301@yahoo.com,ME23205,EN20230205,A
Ravi Bajaj,ravi.bajaj252@yahoo.com,BT23640,EN20230640,D
Pankaj Malhotra,pankaj.malhotra298@yahoo.com,CS22370,EN20220370,C
Ramesh Chadha,ramesh.chadha121@student.edu,IT22845,EN20220845,D
Isha Mathur,isha.mathur334@yahoo.com,ME23131,EN20230131,C
Swati Jha,swati.jha875@student.edu,EE22819,EN20220819,D
Rohit Arora,rohit.arora891@yahoo.com,CH24931,EN20240931,A
Sonal Singh,sonal.singh28@outlook.com,EC21927,EN20210927,B
Usha Das,usha.das914@gmail.com,EC22374,EN20221900,A
Lakshmi Chauhan,lakshmi.chauhan155@yahoo.com,BT21230,EN20210230,A
Mohit Bahl,mohit.bahl602@yahoo.com,EC24110,EN20240110,A
Piyush Madan,piyush.madan958@outlook.com,MA20059,EN20200059,D
Harsha Madan,harsha.madan507@college.ac.in,CE24528,EN20240528,A
Zara Pathak,zara.pathak925@yahoo.com,IT24470,EN20240470,A
Aditi Negi,aditi.negi798@college.ac.in,ME22217,EN20220217,D
Madhuri Madan,madhuri.madan864@gmail.com,BT20891,EN20200891,A
Vivek Rastogi,vivek.rastogi937@gmail.com,CS24576,EN20240576,A
Riya Chawla,riya.chawla977@student.edu,CS21523,EN20210523,A
Ayesha Walia,ayesha.walia832@gmail.com,ME22689,EN20220689,A
Isha Uppal,isha.uppal713@yahoo.com,EE21488,EN20210488,C
Vishal Saini,vishal.saini648@college.ac.in,CH23592,EN20230592,D
Megha Dua,megha.dua884@outlook.com,BT23736,EN20230736,D
Akash Oberoi,akash.oberoi72@student.edu,PH21405,EN20210405,B
Sunil Dey,sunil.dey115@gmail.com,BT22574,EN20220574,D
Sara Yadav,sara.yadav24@student.edu,CS22127,EN20220127,B
Yash Sethi,yash.sethi622@gmail.com,CE24008,EN20240008,C
Bhavna Jha,bhavna.jha789@outlook.com,CH22119,EN20220119,C
Sanjay Tandon,sanjay.tandon809@yahoo.com,IT20141,EN20200141,B
Ritika Joshi,ritika.joshi492@student.edu,CH21897,EN20210897,B
Rajan Bhatt,rajan.bhatt376@student.edu,EE24079,EN20240079,A
Vishal Handa,vishal.handa979@gmail.com,CS22119,EN20221719,D
Rekha Chauhan,rekha.chauhan410@outlook.com,MA23207,EN20230207,B
Sara Sethi,sara.sethi321@student.edu,MA24607,EN20240607,C
Ramesh Oberoi,ramesh.oberoi211@outlook.com,CH23872,EN20230872,B
Jyoti Rathore,jyoti.rathore872@college.ac.in,ME21081,EN20210081,A
Rajan Reddy,rajan.reddy350@yahoo.com,ME24617,EN20240617,A
Sunil Kapoor,sunil.kapoor427@yahoo.com,EC21809,EN20210809,B
Vijay Mehta,vijay.mehta372@outlook.com,EC22355,EN20220355,B
Chetan Joshi,chetan.joshi38@college.ac.in,CE24604,EN20240604,D
Kavya Watts,kavya.watts141@gmail.com,PH23301,EN20230301,D
Raj Reddy,raj.reddy902@gmail.com,PH24554,EN20240554,D
Rohit Chadha,rohit.chadha929@college.ac.in,EC21324,EN20210324,C
Ekta Bahl,ekta.bahl264@gmail.com,MA20136,EN20200136,A
Bhavna Watts,bhavna.watts375@college.ac.in,MA20866,EN20200866,C
Preeti Kapoor,preeti.kapoor511@outlook.com,CE24723,EN20240723,A
Karan Garg,karan.garg898@college.ac.in,ME21368,EN20210368,D
Usha Sinha,usha.sinha277@college.ac.in,ME20043,EN20200043,D
Naveen Khanna,naveen.khanna399@student.edu,CE24767,EN20240767,C
Lokesh Goyal,lokesh.goyal493@outlook.com,EE22001,EN20220001,A
Aditi Thakur,aditi.thakur111@college.ac.in,CS24890,EN20240890,A
Priyanka Anand,priyanka.anand413@outlook.com,EE24325,EN20240325,A
Sanjeev Varma,sanjeev.varma107@college.ac.in,CE24547,EN20240547,A
Ritika Chandra,ritika.chandra723@gmail.com,MA20775,EN20200775,C
Vivek Wadhwa,vivek.wadhwa343@college.ac.in,IT22526,EN20220770,D
Akash Batra,akash.batra110@gmail.com,ME21012,EN20210012,B
Sara Chauhan,sara.chauhan518@college.ac.in,PH24776,EN20240776,C
Shweta Rastogi,shweta.rastogi165@outlook.com,IT20643,EN20200643,C
Tushar Varma,tushar.varma591@college.ac.in,CH21074,EN20218884,B
Yasmin Das,yasmin.das363@college.ac.in,PH22680,EN20220680,A
Pallavi Roy,pallavi.roy311@college.ac.in,MA21764,EN20210764,C
Meera Khatri,meera.khatri7@student.edu,EE22296,EN20220296,C
Rahul Xavier,rahul.xavier104@college.ac.in,CS22095,EN20220095,D
Pankaj Prasad,pankaj.prasad704@yahoo.com,ME24224,EN20240224,C
Varun Chandra,varun.chandra689@student.edu,ME21908,EN20210908,B
Jyoti Batra,jyoti.batra351@yahoo.com,IT20227,EN20200227,D
Arvind Lakhotia,arvind.lakhotia20@student.edu,CE23437,EN20230437,D
Yash Patel,yash.patel462@college.ac.in,EE22604,EN20220604,D
Himanshu Rathore,himanshu.rathore677@college.ac.in,EC24659,EN20244938,C
Lakshmi Chandra,lakshmi.chandra964@student.edu,MA23696,EN20230696,D
Tushar Chopra,tushar.chopra170@yahoo.com,CH24707,EN20240707,A
Rakesh Pathak,rakesh.pathak224@gmail.com,MA23038,EN20230038,C
Sanjay Das,sanjay.das337@yahoo.com,CE22741,EN20220741,C
Kavya Singh,kavya.singh140@yahoo.com,IT20473,EN20200473,C
Ritika Varma,ritika.varma970@yahoo.com,EC20640,EN20200640,C
Nidhi Chauhan,nidhi.chauhan941@gmail.com,CS23057,EN20230057,D
Sneha Arora,sneha.arora438@gmail.com,PH21227,EN20210227,D
Siddharth Dua,siddharth.dua265@yahoo.com,CS21439,EN20210439,D
Rakesh Watts,rakesh.watts19@college.ac.in,CE22848,EN20220848,D
Megha Kumar,megha.kumar230@yahoo.com,IT23086,EN20230086,A
Meera Chawla,meera.chawla836@outlook.com,BT23317,EN20230317,C
Kapil Choudhary,kapil.choudhary824@outlook.com,BT22532,EN20220532,B
Raj Rao,raj.rao24@college.ac.in,PH23910,EN20230910,A
Harsha Pathak,harsha.pathak539@student.edu,CE21915,EN20210915,D
Jyoti Xavier,jyoti.xavier114@gmail.com,BT23376,EN20230376,A
Sanjay Pandey,sanjay.pandey791@college.ac.in,CH24964,EN20240964,B
Monika Mathur,monika.mathur722@yahoo.com,CS24118,EN20240118,C
Himanshu Kapoor,himanshu.kapoor799@outlook.com,CS20200,EN20200200,C
Harsh Vij,harsh.vij969@gmail.com,PH23175,EN20230175,D
Ankita Srivastava,ankita.srivastava123@gmail.com,CS23863,EN20230863,B
Jyoti Tripathi,jyoti.tripathi520@outlook.com,ME22151,EN20220151,B
Lakshmi Watts,lakshmi.watts928@yahoo.com,EE20671,EN20200671,C
Aditi Goel,aditi.goel828@outlook.com,CE23515,EN20230515,B
Lokesh Bansal,lokesh.bansal838@yahoo.com,CE21664,EN20210664,C
Ishaan Walia,ishaan.walia860@yahoo.com,IT21728,EN20210728,D
Rohan Negi,rohan.negi362@outlook.com,CE24583,EN20240583,C
Shivani Pandey,shivani.pandey410@college.ac.in,EE21608,EN20210608,B
Bhavna Shukla,bhavna.shukla904@yahoo.com,EC22145,EN20220145,C
Ramesh Rastogi,ramesh.rastogi874@student.edu,CH20342,EN20200342,A
Priya Mehta,priya.mehta750@college.ac.in,PH23876,EN20230876,B
Aishwarya Xavier,aishwarya.xavier897@yahoo.com,EC21481,EN20210481,D
Gaurav Singh,gaurav.singh127@college.ac.in,CH23619,EN20230619,D
Swati Khanna,swati.khanna884@gmail.com,CE22674,EN20220674,D
Yasmin Iyer,yasmin.iyer669@college.ac.in,EC23902,EN20230902,C
Kunal Vashistha,kunal.vashistha638@gmail.com,PH20466,EN20200466,A
Kriti Dhawan,kriti.dhawan240@gmail.com,BT22297,EN20227894,C
Raj Mishra,raj.mishra822@student.edu,EE20974,EN20200974,D
Swati Shah,swati.shah681@student.edu,BT24257,EN20240257,B
Rajan Khanna,rajan.khanna49@outlook.com,ME23609,EN20230609,B
Mohit Tandon,mohit.tandon554@student.edu,MA20334,EN20200334,D
Meera Choudhary,meera.choudhary593@outlook.com,EE23961,EN20230961,D
Radhika Kumar,radhika.kumar227@gmail.com,CS24325,EN20240734,D
Suresh Verma,suresh.verma513@yahoo.com,CH22427,EN20220427,A
Isha Yadav,isha.yadav167@college.ac.in,EE21369,EN20210369,A
Abhishek Roy,abhishek.roy626@yahoo.com,ME21602,EN20210602,A
Ravi Lakhotia,ravi.lakhotia503@outlook.com,ME20729,EN20200729,D
Megha Bahl,megha.bahl621@yahoo.com,MA20118,EN20200118,C
Amit Verma,amit.verma422@outlook.com,EE21505,EN20210505,B
Nikhil Dhawan,nikhil.dhawan154@student.edu,EC24742,EN20240742,B
Swati Patel,swati.patel549@outlook.com,IT22882,EN20220882,B
Seema Luthra,seema.luthra988@gmail.com,EE23576,EN20230576,D
Aarav Chandra,aarav.chandra180@college.ac.in,MA21906,EN20210906,D
Ankita Jain,ankita.jain507@outlook.com,CH21892,EN20210892,C
Archana Das,archana.das794@yahoo.com,EE22045,EN20220045,B
Neha Vashistha,neha.vashistha362@outlook.com,EC21781,EN20210781,B
Deepika Rathore,deepika.rathore772@college.ac.in,ME21176,EN20210176,C
Divya Joshi,divya.joshi186@college.ac.in,IT20425,EN20200425,D
Nidhi Khatri,nidhi.khatri203@yahoo.com,CS20955,EN20200955,C
Vandana Khanna,vandana.khanna989@gmail.com,EE24574,EN20240574,A
Sanjay Rao,sanjay.rao666@college.ac.in,PH23620,EN20230620,A
Ankita Chawla,ankita.chawla271@gmail.com,EE21784,EN20210784,B
Preeti Anand,preeti.anand843@student.edu,PH24983,EN20240983,D
Sanjay Luthra,sanjay.luthra721@outlook.com,EC21563,EN20210563,C
Ashish Arora,ashish.arora949@college.ac.in,CE23906,EN20230906,D
Rajan Talwar,rajan.talwar796@gmail.com,PH24876,EN20240876,A
Nisha Negi,nisha.negi141@gmail.com,EE22769,EN20220769,D
Nisha Chawla,nisha.chawla203@college.ac.in,CS20990,EN20200990,D
Radhika Vij,radhika.vij978@gmail.com,CS22590,EN20220590,B
Vikram Pandey,vikram.pandey607@gmail.com,CH21227,EN20211942,A
Sonal Khatri,sonal.khatri391@yahoo.com,CE21637,EN20210637,A
Amit Joshi,amit.joshi187@student.edu,CE22289,EN20220289,B
Arvind Agarwal,arvind.agarwal246@yahoo.com,IT23813,EN20230813,C
Siddharth Yadava,siddharth.yadava530@outlook.com,CH23243,EN20230243,B
Rohit Pathak,rohit.pathak139@college.ac.in,BT22015,EN20220015,C
Manish Talwar,manish.talwar201@student.edu,ME21230,EN20213127,A
Neha Varma,neha.varma970@yahoo.com,BT23805,EN20230805,A
Himanshu Khatri,himanshu.khatri788@gmail.com,BT21525,EN20210525,A
Varun Nair,varun.nair446@outlook.com,ME22227,EN20220227,D
Gaurav Shah,gaurav.shah907@college.ac.in,CH22452,EN20220452,B
Sanjay Khatri,sanjay.khatri800@gmail.com,CS24681,EN20240681,B
Shivani Goel,shivani.goel964@student.edu,CE22960,EN20220960,B
Sneha Arora,sneha.arora668@outlook.com,MA24011,EN20240011,D
Sachin Agarwal,sachin.agarwal663@yahoo.com,EC23684,EN20230684,B
Neha Dua,neha.dua694@student.edu,PH23355,EN20230355,B
Vivek Lal,vivek.lal395@outlook.com,CE20123,EN20200123,A
Swati Singh,swati.singh435@gmail.com,EC23610,EN20230610,C
Mohit Nanda,mohit.nanda921@gmail.com,BT22845,EN20220430,C
Vivek Dubey,vivek.dubey998@outlook.com,EC24295,EN20240295,B
Rekha Ahuja,rekha.ahuja401@outlook.com,PH21831,EN20210831,B
Sunil Goel,sunil.goel274@student.edu,ME24621,EN20240621,B
Tushar Dubey,tushar.dubey36@gmail.com,EE24093,EN20240093,C
Kriti Mishra,kriti.mishra876@gmail.com,CE22302,EN20220302,D
Kunal Yadava,kunal.yadava167@yahoo.com,BT23145,EN20230145,B
Piyush Dua,piyush.dua841@yahoo.com,EE23506,EN20230506,B
Divya Lakhotia,divya.lakhotia537@college.ac.in,PH23708,EN20230708,A
Swati Goyal,swati.goyal909@outlook.com,ME22418,EN20220418,B
Pallavi Rastogi,pallavi.rastogi156@college.ac.in,CH24024,EN20240024,C
Rekha Mishra,rekha.mishra747@student.edu,CS23231,EN20230231,C
Tushar Zaman,tushar.zaman788@outlook.com,CS21883,EN20210883,D
Seema Prasad,seema.prasad423@yahoo.com,CE20820,EN20200820,D
Kunal Arora,kunal.arora168@outlook.com,IT22170,EN20220170,D
Tushar Bajaj,tushar.bajaj223@yahoo.com,PH22929,EN20220929,B
Ananya Rathore,ananya.rathore186@yahoo.com,IT23176,EN20230176,B
Priyanka Bajaj,priyanka.bajaj369@student.edu,BT23210,EN20230210,A
Siddharth Verma,siddharth.verma933@yahoo.com,CE20723,EN20200723,A
Himanshu Lal,himanshu.lal32@student.edu,PH20671,EN20202079,B
Varun Dua,varun.dua104@student.edu,PH23598,EN20230598,B
Sachin Oberoi,sachin.oberoi936@outlook.com,IT22105,EN20220105,A
Vandana Srivastava,vandana.srivastava777@yahoo.com,CH24236,EN20240236,B
Isha Chauhan,isha.chauhan584@gmail.com,PH21977,EN20210977,A
Aishwarya Rathore,aishwarya.rathore505@student.edu,CE23057,EN20231046,B
Sachin Bose,sachin.bose971@yahoo.com,CE22426,EN20220426,B
Sachin Rao,sachin.rao647@college.ac.in,MA23680,EN20230680,A
Usha Vij,usha.vij102@student.edu,CE20640,EN20204302,C
Usha Reddy,usha.reddy304@student.edu,CS22009,EN20220009,B
Neha Xavier,neha.xavier143@gmail.com,ME20632,EN20200632,D
Zara Watts,zara.watts759@yahoo.com,EE24552,EN20240552,D
Ekta Watts,ekta.watts822@student.edu,CS23215,EN20231694,A
Gaurav Ahuja,gaurav.ahuja252@college.ac.in,ME22866,EN20220866,D
Ravi Handa,ravi.handa38@student.edu,CH23045,EN20230045,D
Nidhi Sinha,nidhi.sinha257@college.ac.in,CH22728,EN20220728,A
Radhika Patel,radhika.patel98@outlook.com,CS21536,EN20210536,D
Harsha Dubey,harsha.dubey948@outlook.com,ME22852,EN20220852,C
Rakesh Uppal,rakesh.uppal529@student.edu,EC21133,EN20210133,D
Bhavna Sharma,bhavna.sharma324@yahoo.com,ME23535,EN20230535,C
Amit Pathak,amit.pathak748@college.ac.in,MA24776,EN20243421,D
Neeraj Rastogi,neeraj.rastogi91@yahoo.com,CS20230,EN20200230,A
Bhavna Saxena,bhavna.saxena702@college.ac.in,PH23415,EN20230415,D
Siddharth Vashistha,siddharth.vashistha134@outlook.com,BT24090,EN20240090,D
Yasmin Tiwari,yasmin.tiwari661@college.ac.in,MA21076,EN20210076,A
Rohit Sharma,rohit.sharma384@outlook.com,IT20550,EN20200550,A
Rekha Upadhyay,rekha.upadhyay927@outlook.com,CE23941,EN20230941,C
Yasmin Nanda,yasmin.nanda61@college.ac.in,CS21674,EN20210674,C
Kriti Murthy,kriti.murthy490@college.ac.in,CH23074,EN20230074,A
Archana Mathur,archana.mathur959@student.edu,BT23618,EN20230618,C
Sunil Mishra,sunil.mishra259@yahoo.com,EE20712,EN20200712,A
Usha Choudhary,usha.choudhary490@yahoo.com,EC21802,EN20210802,C
Bhavna Wadhwa,bhavna.wadhwa587@yahoo.com,CH23920,EN20230920,B
Deepak Lal,deepak.lal675@outlook.com,EE23273,EN20230273,B
Jyoti Vij,jyoti.vij994@college.ac.in,CS24224,EN20245335,C
Aarav Pathak,aarav.pathak402@gmail.com,ME21729,EN20210729,B
Kunal Qureshi,kunal.qureshi426@college.ac.in,CE24389,EN20240389,B
Alok Agarwal,alok.agarwal410@yahoo.com,IT22538,EN20220538,B
Pankaj Bose,pankaj.bose855@outlook.com,ME21042,EN20210042,C
Mohit Bajaj,mohit.bajaj143@gmail.com,IT23961,EN20231128,D
Tushar Dey,tushar.dey290@gmail.com,CS21609,EN20210609,D
Nidhi Goel,nidhi.goel619@gmail.com,IT21688,EN20219660,C
Alok Patel,alok.patel414@gmail.com,PH20719,EN20200719,D
Varun Rao,varun.rao288@gmail.com,PH23112,EN20230112,B
Seema Joshi,seema.joshi483@yahoo.com,CS24634,EN20240634,C
Aishwarya Watts,aishwarya.watts448@yahoo.com,CS23986,EN20230986,C
Disha Rastogi,disha.rastogi236@gmail.com,MA20242,EN20200242,B
Priya Batra,priya.batra490@gmail.com,EE24314,EN20240314,B
Kriti Watts,kriti.watts473@gmail.com,PH23892,EN20233235,A
Lakshmi Bhatt,lakshmi.bhatt940@college.ac.in,ME21190,EN20210190,C
Rajat Kumar,rajat.kumar582@gmail.com,BT21624,EN20210624,D
Karan Mehta,karan.mehta343@student.edu,EE20794,EN20200794,A
Manish Madan,manish.madan581@outlook.com,EC22212,EN20220212,A
Rahul Sharma,rahul.sharma730@yahoo.com,CE20045,EN20204050,B
Shruti Rathore,shruti.rathore362@outlook.com,MA23844,EN20230844,A
Gaurav Varma,gaurav.varma807@yahoo.com,BT22377,EN20220377,B
Kunal Talwar,kunal.talwar72@outlook.com,MA22806,EN20220806,A
Tushar Mathur,tushar.mathur352@gmail.com,CE20127,EN20200127,C
Ashish Verma,ashish.verma284@college.ac.in,CH22832,EN20228145,C
Sara Varma,sara.varma846@yahoo.com,CE24991,EN20240991,D
Lokesh Mathur,lokesh.mathur49@gmail.com,ME22949,EN20220949,B
Bhavna Bajaj,bhavna.bajaj589@college.ac.in,CS23444,EN20230444,B
Priyanka Vij,priyanka.vij392@gmail.com,CE20339,EN20200339,D
Vandana Patel,vandana.patel214@student.edu,PH21782,EN20210782,B
Harsh Dubey,harsh.dubey764@gmail.com,EE23948,EN20230948,A
Vivek Yadav,vivek.yadav54@gmail.com,CS24751,EN20240751,C
Preeti Varma,preeti.varma108@outlook.com,MA23602,EN20230602,C
Aarav Dubey,aarav.dubey336@yahoo.com,CH23186,EN20230186,C
Abhishek Joshi,abhishek.joshi49@gmail.com,ME23715,EN20230715,B
Kriti Shukla,kriti.shukla884@gmail.com,CS21823,EN20210823,B
Meera Luthra,meera.luthra175@college.ac.in,ME21826,EN20210826,D
Kriti Kapoor,kriti.kapoor781@college.ac.in,EE21801,EN20217994,B
Kunal Malhotra,kunal.malhotra880@student.edu,EE24493,EN20240493,D
Sara Naidu,sara.naidu765@college.ac.in,CS21390,EN20210390,D
Ekta Chawla,ekta.chawla809@student.edu,EC24171,EN20240171,A
Tanvi Oberoi,tanvi.oberoi882@outlook.com,CH23665,EN20230665,C
Aishwarya Goyal,aishwarya.goyal913@college.ac.in,EE22930,EN20220930,D
Raj Roy,raj.roy420@student.edu,EE20065,EN20200065,D
Gaurav Talwar,gaurav.talwar717@student.edu,ME21278,EN20210278,B
Megha Pandey,megha.pandey999@college.ac.in,PH21991,EN20210991,B
Vikram Chauhan,vikram.chauhan151@college.ac.in,EE21853,EN20210853,C
Kapil Shah,kapil.shah381@gmail.com,BT22272,EN20220272,D
Neeraj Khanna,neeraj.khanna721@student.edu,ME20298,EN20200298,C
Pooja Tandon,pooja.tandon439@outlook.com,IT23543,EN20230543,B
Sachin Wadhwa,sachin.wadhwa681@college.ac.in,CH24533,EN20240533,C
Deepak Tandon,deepak.tandon417@gmail.com,PH23426,EN20230426,B
Amit Kumar,amit.kumar700@yahoo.com,MA20540,EN20200540,A
Jyoti Batra,jyoti.batra662@gmail.com,CH21275,EN20210275,B
Lakshmi Bhatt,lakshmi.bhatt108@gmail.com,CE20618,EN20200618,A
Raj Oberoi,raj.oberoi359@outlook.com,CS20996,EN20200996,B
Ekta Dubey,ekta.dubey891@student.edu,BT22806,EN20224934,A
Payal Saini,payal.saini109@gmail.com,PH22854,EN20220854,D
Harsh Rao,harsh.rao933@gmail.com,ME21252,EN20210252,C
Nikhil Chadha,nikhil.chadha856@outlook.com,CH23529,EN20230529,B
Gaurav Rao,gaurav.rao204@student.edu,IT21702,EN20210702,D
Amit Chauhan,amit.chauhan55@yahoo.com,CE21010,EN20210010,C
Ishaan Lakhotia,ishaan.lakhotia679@student.edu,EE23372,EN20230372,C
Aishwarya Walia,aishwarya.walia398@gmail.com,MA23668,EN20230668,A
Rekha Roy,rekha.roy736@outlook.com,CE21925,EN20210925,A
Madhuri Saini,madhuri.saini830@outlook.com,BT20898,EN20200898,C
Riya Chauhan,riya.chauhan771@student.edu,CE24226,EN20240226,D
Yash Joshi,yash.joshi111@student.edu,MA21027,EN20210027,B
Chetan Chauhan,chetan.chauhan483@student.edu,ME20479,EN20200479,C
Lakshmi Prasad,lakshmi.prasad438@gmail.com,CH21843,EN20210843,C
Rohan Prasad,rohan.prasad387@outlook.com,EE21799,EN20210799,C
Yasmin Murthy,yasmin.murthy516@college.ac.in,ME20936,EN20200936,D
Arvind Luthra,arvind.luthra850@gmail.com,ME21497,EN20210497,D
Simran Jain,simran.jain638@college.ac.in,PH22131,EN20220131,B
Nidhi Chopra,nidhi.chopra517@outlook.com,MA20621,EN20200621,C
Chetan Lakhotia,chetan.lakhotia245@gmail.com,BT22384,EN20220384,C
Monika Iyer,monika.iyer139@student.edu,PH23762,EN20233124,D
Vandana Chadha,vandana.chadha222@yahoo.com,IT20967,EN20200967,B
Neha Lakhotia,neha.lakhotia76@outlook.com,PH23852,EN20230852,C
Archana Batra,archana.batra88@outlook.com,CE23244,EN20230244,C
Shweta Luthra,shweta.luthra342@outlook.com,CS20938,EN20200938,B
Ananya Mishra,ananya.mishra892@outlook.com,CE21435,EN20210435,C
Deepika Prasad,deepika.prasad454@yahoo.com,CS22875,EN20220875,A
Karan Anand,karan.anand906@student.edu,CS20755,EN20200755,A
Anjali Kumar,anjali.kumar550@student.edu,ME22885,EN20220885,D
Ravi Luthra,ravi.luthra43@college.ac.in,MA20464,EN20200464,A
Harsha Kumar,harsha.kumar303@gmail.com,EE24388,EN20240388,D
Ravi Chandra,ravi.chandra376@yahoo.com,BT21593,EN20210593,A
Ritika Mathur,ritika.mathur379@student.edu,CE22919,EN20228096,C
Madhuri Srivastava,madhuri.srivastava146@yahoo.com,CS22459,EN20220459,D
Aishwarya Goel,aishwarya.goel63@gmail.com,BT21104,EN20210104,B
Rohan Saini,rohan.saini271@college.ac.in,MA23155,EN20230155,D
Neeraj Thakur,neeraj.thakur169@yahoo.com,CS24601,EN20240601,B
Madhuri Pillai,madhuri.pillai686@gmail.com,CE21896,EN20210896,C
Jyoti Pandey,jyoti.pandey801@yahoo.com,IT24604,EN20242587,B
Deepika Jain,deepika.jain480@student.edu,PH24135,EN20240135,C
Lokesh Sethi,lokesh.sethi681@college.ac.in,IT22450,EN20220450,A
Nikhil Lal,nikhil.lal258@outlook.com,IT24669,EN20240669,C
Neha Malhotra,neha.malhotra87@gmail.com,EE21349,EN20210349,B
Chetan Negi,chetan.negi70@gmail.com,ME24801,EN20240801,D
Harsha Saini,harsha.saini582@college.ac.in,BT23419,EN20230419,A
Ritika Gupta,ritika.gupta169@outlook.com,BT23416,EN20230416,C
Himanshu Chandra,himanshu.chandra106@outlook.com,CE21271,EN20210271,C
Sachin Kapoor,sachin.kapoor3@outlook.com,BT21927,EN20215436,B
Naveen Tripathi,naveen.tripathi363@college.ac.in,ME24442,EN20240442,B
Ramesh Murthy,ramesh.murthy440@yahoo.com,MA22804,EN20220804,D
Varun Singh,varun.singh832@student.edu,IT21991,EN20215347,B
Priyanka Nair,priyanka.nair206@student.edu,EC22882,EN20221358,D
Simran Garg,simran.garg580@gmail.com,MA20410,EN20200410,B
Harsha Vashistha,harsha.vashistha355@college.ac.in,EC22660,EN20220660,A
Pooja Mathur,pooja.mathur93@student.edu,CS24750,EN20240750,D
Himanshu Nanda,himanshu.nanda249@outlook.com,CS24321,EN20240321,C
Jyoti Wadhwa,jyoti.wadhwa900@student.edu,PH21785,EN20210785,A
Ishaan Mathur,ishaan.mathur513@gmail.com,IT24073,EN20240073,C
Chetan Yadav,chetan.yadav961@gmail.com,CE24709,EN20240709,D
Ashish Khatri,ashish.khatri840@yahoo.com,CS20778,EN20200778,D
Ankita Srivastava,ankita.srivastava18@outlook.com,PH23580,EN20230580,C
Piyush Dey,piyush.dey850@college.ac.in,EC22754,EN20220754,D
Ankita Roy,ankita.roy51@student.edu,ME23489,EN20230489,C
Aditi Naidu,aditi.naidu568@gmail.com,IT20132,EN20200132,D
Vinay Prasad,vinay.prasad387@gmail.com,IT20592,EN20200592,D
Deepak Luthra,deepak.luthra725@outlook.com,CH23854,EN20230854,A
Divya Yadava,divya.yadava435@gmail.com,CS22188,EN20220188,D
Harsha Bhatt,harsha.bhatt428@college.ac.in,CH22755,EN20220755,C
Bhavna Verma,bhavna.verma22@student.edu,CH23971,EN20230971,B
Yash Tripathi,yash.tripathi628@student.edu,CH24638,EN20240638,C
Disha Nanda,disha.nanda274@college.ac.in,BT24676,EN20240676,A
Sanjay Iyer,sanjay.iyer608@student.edu,EE23191,EN20230191,A
Monika Bhatt,monika.bhatt426@college.ac.in,CS20350,EN20200350,A
Rohit Verma,rohit.verma680@yahoo.com,BT22460,EN20220460,D
Rohan Dhawan,rohan.dhawan487@student.edu,CS20291,EN20200291,B
Neeraj Tripathi,neeraj.tripathi526@student.edu,PH23890,EN20230890,A
Varun Shukla,varun.shukla932@college.ac.in,PH22175,EN20220175,A
Riya Sinha,riya.sinha450@college.ac.in,PH21311,EN20210311,D
Rekha Chopra,rekha.chopra670@outlook.com,CE23104,EN20230104,A
Nisha Pillai,nisha.pillai598@college.ac.in,CH22001,EN20225279,D
Priyanka Chawla,priyanka.chawla473@college.ac.in,EC23134,EN20230134,A
Pankaj Bansal,pankaj.bansal846@outlook.com,BT24772,EN20240772,B
Suresh Iyer,suresh.iyer731@college.ac.in,ME21129,EN20210129,B
Akash Tiwari,akash.tiwari219@college.ac.in,EE23220,EN20230220,D
Rajat Joshi,rajat.joshi616@yahoo.com,ME20875,EN20200875,C
Deepika Pillai,deepika.pillai811@outlook.com,EE20684,EN20200684,C
Shivani Qureshi,shivani.qureshi9@college.ac.in,CS20910,EN20200910,A
Siddharth Mehta,siddharth.mehta562@college.ac.in,IT20642,EN20200642,D
Vinay Prasad,vinay.prasad541@student.edu,CS21426,EN20210426,D
Monika Agarwal,monika.agarwal148@yahoo.com,CE21350,EN20210350,D
Rajan Dubey,rajan.dubey726@outlook.com,EC20648,EN20200648,B
Pankaj Murthy,pankaj.murthy97@yahoo.com,MA24442,EN20247521,B
Abhishek Ahuja,abhishek.ahuja530@yahoo.com,BT22713,EN20220713,A
Himanshu Anand,himanshu.anand765@gmail.com,BT21019,EN20210019,C
Ekta Singh,ekta.singh709@gmail.com,EE24879,EN20240879,A
Radhika Vashistha,radhika.vashistha850@college.ac.in,IT24955,EN20240955,B
Akash Malhotra,akash.malhotra803@student.edu,CH21412,EN20210412,C
Suresh Rao,suresh.rao407@yahoo.com,EC20237,EN20205938,A
Arjun Arora,arjun.arora261@gmail.com,EE20238,EN20200238,D
Rohit Walia,rohit.walia920@student.edu,EC21072,EN20210072,B
Sonal Joshi,sonal.joshi425@college.ac.in,BT23106,EN20230106,B
Tushar Saini,tushar.saini157@gmail.com,EE22631,EN20220631,B
Usha Mishra,usha.mishra585@gmail.com,ME22307,EN20220307,C
Aarav Xavier,aarav.xavier808@college.ac.in,CE21439,EN20216308,D
Jyoti Verma,jyoti.verma653@college.ac.in,ME24695,EN20240695,C
Ayesha Nair,ayesha.nair315@gmail.com,MA24059,EN20240059,A
Ananya Talwar,ananya.talwar136@gmail.com,CS22908,EN20220908,B
Ankita Talwar,ankita.talwar439@gmail.com,ME24874,EN20240874,C
Yash Oberoi,yash.oberoi57@outlook.com,CS23758,EN20230758,C
Pallavi Yadava,pallavi.yadava235@gmail.com,PH21394,EN20210394,A
Rohan Iyer,rohan.iyer148@yahoo.com,CE23664,EN20230664,A
Nidhi Chandra,nidhi.chandra843@gmail.com,BT23761,EN20230761,B
Lakshmi Upadhyay,lakshmi.upadhyay604@college.ac.in,ME20788,EN20200788,A
Tushar Walia,tushar.walia981@college.ac.in,CS22472,EN20220472,B
Divya Jha,divya.jha407@college.ac.in,CE20456,EN20200456,C
Aishwarya Yadav,aishwarya.yadav832@outlook.com,CS24631,EN20240631,B
Nikhil Thakur,nikhil.thakur703@student.edu,MA20383,EN20200383,B
Mohit Madan,mohit.madan704@student.edu,EC20930,EN20200930,D
Isha Talwar,isha.talwar672@gmail.com,IT21106,EN20210106,C
Sneha Agarwal,sneha.agarwal40@gmail.com,BT21959,EN20210959,B
Aditi Yadav,aditi.yadav352@yahoo.com,IT20599,EN20200599,C
Swati Thakur,swati.thakur629@yahoo.com,PH21438,EN20210438,B
Sonal Joshi,sonal.joshi197@college.ac.in,ME21227,EN20210159,B
Rajat Sethi,rajat.sethi461@outlook.com,IT23287,EN20230287,C
Himanshu Oberoi,himanshu.oberoi347@college.ac.in,CH21446,EN20210446,B
Mohit Garg,mohit.garg544@yahoo.com,ME20217,EN20202306,A
Monika Jain,monika.jain389@college.ac.in,ME22914,EN20220914,B
Rajat Pandey,rajat.pandey995@outlook.com,CH23374,EN20230374,B
Kriti Vij,kriti.vij63@gmail.com,CH24193,EN20240193,A
Sunil Verma,sunil.verma299@gmail.com,BT23623,EN20230623,D
Arjun Chawla,arjun.chawla892@yahoo.com,EE20465,EN20200465,B
Payal Xavier,payal.xavier936@college.ac.in,CH22449,EN20220449,C
Tushar Jain,tushar.jain723@college.ac.in,BT22644,EN20220644,C
Suresh Saxena,suresh.saxena970@yahoo.com,MA20974,EN20200187,B
Priyanka Agarwal,priyanka.agarwal638@yahoo.com,PH23647,EN20230647,A
Tarun Rao,tarun.rao761@college.ac.in,IT20242,EN20204564,D
Sunil Pathak,sunil.pathak596@gmail.com,CS24305,EN20240305,C
Vijay Arora,vijay.arora686@gmail.com,CH21765,EN20210765,A
Rajat Chopra,rajat.chopra313@yahoo.com,IT21506,EN20210506,A
Harsha Vashistha,harsha.vashistha729@outlook.com,PH24215,EN20240215,B
Kriti Madan,kriti.madan597@outlook.com,CE21138,EN20210138,C
Ravi Varma,ravi.varma600@student.edu,EE24475,EN20240475,C
Suresh Dua,suresh.dua561@student.edu,BT23331,EN20230331,A
Amit Goel,amit.goel355@yahoo.com,CE20933,EN20200933,A
Siddharth Madan,siddharth.madan183@gmail.com,PH24414,EN20240414,C
Shruti Prasad,shruti.prasad94@student.edu,PH20232,EN20200232,A
Disha Qureshi,disha.qureshi593@yahoo.com,PH23673,EN20230673,C
Shruti Reddy,shruti.reddy424@college.ac.in,EE22183,EN20220183,D
Yasmin Joshi,yasmin.joshi839@outlook.com,BT22420,EN20220420,A
Ananya Tripathi,ananya.tripathi651@outlook.com,CS20174,EN20200174,A
Tushar Luthra,tushar.luthra545@yahoo.com,BT21422,EN20210422,A
Aarav Shukla,aarav.shukla977@student.edu,MA21454,EN20210454,A
Abhishek Batra,abhishek.batra610@gmail.com,CH24821,EN20240821,D
Neha Yadav,neha.yadav86@student.edu,MA21785,EN20216385,A
Pankaj Sharma,pankaj.sharma233@college.ac.in,BT22255,EN20220255,A
Mohit Dua,mohit.dua93@gmail.com,BT20977,EN20200977,B
Radhika Batra,radhika.batra928@gmail.com,ME20064,EN20200064,C
Swati Murthy,swati.murthy15@yahoo.com,EC23710,EN20230710,C
Rohit Choudhary,rohit.choudhary524@outlook.com,IT20566,EN20200566,B
Simran Naidu,simran.naidu191@gmail.com,MA23935,EN20230935,C
Ankit Bahl,ankit.bahl90@college.ac.in,PH24169,EN20240169,B
Sneha Upadhyay,sneha.upadhyay455@yahoo.com,CE22194,EN20220194,A
Kapil Shah,kapil.shah137@student.edu,EC24303,EN20240303,C
Ankita Gupta,ankita.gupta128@college.ac.in,BT20697,EN20200697,D
Ayesha Xavier,ayesha.xavier456@student.edu,CH23726,EN20230726,B
Kriti Gupta,kriti.gupta49@outlook.com,CE20444,EN20200444,B
Ishaan Lal,ishaan.lal857@outlook.com,ME23068,EN20230068,B
Yasmin Dua,yasmin.dua3@outlook.com,CH24593,EN20240593,B
Gaurav Watts,gaurav.watts373@outlook.com,CH21858,EN20210858,D
Mohit Zaman,mohit.zaman806@gmail.com,CS23588,EN20230588,A
Rajat Joshi,rajat.joshi583@outlook.com,BT22661,EN20220661,A
Megha Yadav,megha.yadav813@student.edu,MA24576,EN20248268,A
Radhika Gupta,radhika.gupta851@gmail.com,CS22841,EN20220841,B
Naveen Lal,naveen.lal722@student.edu,CH23171,EN20230171,A
Priyanka Tiwari,priyanka.tiwari815@college.ac.in,BT20230,EN20201633,C
Harsha Yadava,harsha.yadava399@yahoo.com,CE22218,EN20220218,C
Rekha Rastogi,rekha.rastogi24@yahoo.com,EC23326,EN20230326,D
Meera Bahl,meera.bahl208@yahoo.com,EE22941,EN20220941,B
Vijay Dey,vijay.dey104@outlook.com,CE22590,EN20227435,A
Neha Nanda,neha.nanda25@gmail.com,ME23048,EN20230048,B
Archana Lakhotia,archana.lakhotia289@student.edu,ME22780,EN20220780,D
Madhuri Roy,madhuri.roy226@gmail.com,PH20581,EN20200581,C
Aishwarya Mehta,aishwarya.mehta772@yahoo.com,EC20154,EN20203028,D
Kapil Roy,kapil.roy477@college.ac.in,EE23139,EN20230139,D
Meera Reddy,meera.reddy979@yahoo.com,BT23540,EN20230540,A
Ayesha Batra,ayesha.batra945@outlook.com,CH22129,EN20220129,C
Shweta Nair,shweta.nair435@college.ac.in,MA24434,EN20240434,A
Tarun Bansal,tarun.bansal873@yahoo.com,CE22840,EN20220840,A
Ravi Goyal,ravi.goyal103@student.edu,BT21153,EN20210153,D
Kunal Chawla,kunal.chawla907@student.edu,MA22305,EN20220305,B
Rohit Malhotra,rohit.malhotra849@yahoo.com,IT22331,EN20222977,C
Sanjeev Kapoor,sanjeev.kapoor90@college.ac.in,IT22865,EN20220865,B
Monika Goyal,monika.goyal851@student.edu,EE21439,EN20212009,C
Arvind Srivastava,arvind.srivastava376@gmail.com,IT20784,EN20200784,A
Priya Bose,priya.bose190@outlook.com,CE24703,EN20240703,B
Archana Batra,archana.batra929@college.ac.in,MA24228,EN20240228,A
Rohit Malhotra,rohit.malhotra57@yahoo.com,ME20807,EN20204690,D
Gaurav Qureshi,gaurav.qureshi221@yahoo.com,CE24998,EN20240998,D
Rakesh Batra,rakesh.batra215@college.ac.in,IT21074,EN20216163,B
Ashish Lal,ashish.lal83@yahoo.com,PH20791,EN20200791,D
Deepika Goyal,deepika.goyal543@yahoo.com,EE23621,EN20230621,B
Vikram Goel,vikram.goel51@student.edu,CS20143,EN20200143,C
Jyoti Talwar,jyoti.talwar238@yahoo.com,CE24826,EN20240826,B
Vivek Lakhotia,vivek.lakhotia142@student.edu,EC24486,EN20240486,A
Rahul Choudhary,rahul.choudhary208@outlook.com,IT20768,EN20200768,D
Disha Vashistha,disha.vashistha42@gmail.com,MA22712,EN20220712,B
Shruti Vashistha,shruti.vashistha193@student.edu,IT21286,EN20210286,D
Siddharth Chauhan,siddharth.chauhan919@college.ac.in,PH22164,EN20224896,B
Vikram Anand,vikram.anand317@student.edu,CH23943,EN20230943,B
Tarun Dey,tarun.dey99@outlook.com,EC22551,EN20220551,A
Ashish Bahl,ashish.bahl619@college.ac.in,BT24815,EN20240815,C
Rekha Bhatt,rekha.bhatt386@outlook.com,BT22476,EN20220476,A
Alok Pathak,alok.pathak843@college.ac.in,IT20405,EN20200405,A
Priya Dhawan,priya.dhawan425@gmail.com,CE22811,EN20220811,B
Nisha Bhatt,nisha.bhatt713@student.edu,CE23113,EN20230113,B
Rajat Pandey,rajat.pandey510@student.edu,PH23879,EN20230879,B
Radhika Shukla,radhika.shukla950@outlook.com,BT24444,EN20240444,C
Vishal Varma,vishal.varma96@yahoo.com,BT23928,EN20230928,B
Nikhil Saxena,nikhil.saxena386@college.ac.in,ME21404,EN20210404,D
Piyush Wadhwa,piyush.wadhwa373@yahoo.com,EC20497,EN20200497,C
Kriti Chandra,kriti.chandra133@gmail.com,CH22335,EN20220335,A
Bhavna Malhotra,bhavna.malhotra870@outlook.com,EE21123,EN20210123,A
Payal Choudhary,payal.choudhary237@student.edu,CH22748,EN20220748,A
Nisha Negi,nisha.negi414@outlook.com,ME20996,EN20203758,C
Radhika Wadhwa,radhika.wadhwa612@gmail.com,IT20460,EN20200460,A
Ashish Khanna,ashish.khanna751@gmail.com,MA22607,EN20220607,B
Tanvi Chadha,tanvi.chadha36@student.edu,CS21225,EN20210225,C
Bhavna Batra,bhavna.batra865@gmail.com,IT23103,EN20230103,C
Shruti Pathak,shruti.pathak270@gmail.com,CS22153,EN20220153,A
Simran Iyer,simran.iyer557@yahoo.com,BT21817,EN20210817,D
Harsh Nair,harsh.nair66@yahoo.com,CE21906,EN20210038,C
Arjun Dey,arjun.dey729@gmail.com,EC23120,EN20230120,B
Zara Shah,zara.shah593@outlook.com,CS23107,EN20230107,B
Ashish Vashistha,ashish.vashistha215@yahoo.com,CH23155,EN20232566,B
Vikram Xavier,vikram.xavier329@college.ac.in,BT23121,EN20230121,A
Kapil Zaman,kapil.zaman873@yahoo.com,BT20219,EN20200219,A
Deepika Upadhyay,deepika.upadhyay227@outlook.com,CE23089,EN20230089,B
Ankita Dey,ankita.dey496@yahoo.com,BT21194,EN20210194,B
Riya Shah,riya.shah129@yahoo.com,MA23313,EN20230313,A
Sachin Arora,sachin.arora820@college.ac.in,ME23163,EN20230163,B
Harsha Arora,harsha.arora846@outlook.com,CE21947,EN20210947,D
Harsh Joshi,harsh.joshi10@college.ac.in,ME20286,EN20200286,A
Zara Tiwari,zara.tiwari526@gmail.com,CE22972,EN20220972,D
Meera Bahl,meera.bahl595@yahoo.com,PH23592,EN20230826,D
Ritika Lal,ritika.lal204@gmail.com,ME24397,EN20240397,A
Tushar Bansal,tushar.bansal172@outlook.com,IT20302,EN20200302,D
Sunil Gupta,sunil.gupta870@gmail.com,BT23017,EN20230017,C
Sanjay Rastogi,sanjay.rastogi429@student.edu,MA24251,EN20240251,B
Riya Kapoor,riya.kapoor608@gmail.com,CE20162,EN20200162,D
Ayesha Chawla,ayesha.chawla251@student.edu,PH23111,EN20230111,C
Anjali Watts,anjali.watts404@college.ac.in,ME20751,EN20200751,C
Lokesh Madan,lokesh.madan132@gmail.com,BT21328,EN20210328,C
Pallavi Srivastava,pallavi.srivastava953@college.ac.in,IT23430,EN20230430,C
Siddharth Vashistha,siddharth.vashistha633@college.ac.in,IT23489,EN20238142,A
Manish Chauhan,manish.chauhan41@student.edu,PH23147,EN20230147,D
Priyanka Bahl,priyanka.bahl287@student.edu,EE21438,EN20212656,A
Lakshmi Xavier,lakshmi.xavier719@college.ac.in,MA22076,EN20220076,D
Nikhil Kohli,nikhil.kohli256@college.ac.in,MA23513,EN20230513,A
Kriti Pillai,kriti.pillai385@gmail.com,EE23127,EN20230127,D
Monika Lakhotia,monika.lakhotia906@student.edu,EE21991,EN20218651,A
Abhishek Yadav,abhishek.yadav152@outlook.com,PH20811,EN20200811,B
Shweta Arora,shweta.arora865@student.edu,MA24131,EN20240131,C
Disha Arora,disha.arora551@yahoo.com,MA21809,EN20215840,D
Nisha Prasad,nisha.prasad253@outlook.com,CE21158,EN20210158,C
Shruti Malhotra,shruti.malhotra465@gmail.com,PH22794,EN20220794,D
Manish Luthra,manish.luthra246@gmail.com,CS24236,EN20249847,D
Rakesh Yadav,rakesh.yadav944@student.edu,PH24830,EN20240830,A
Nikhil Sharma,nikhil.sharma922@college.ac.in,CH21206,EN20210206,A
Tanvi Batra,tanvi.batra248@student.edu,ME20770,EN20200770,C
Ritika Yadav,ritika.yadav132@outlook.com,MA21350,EN20214117,A
Seema Bhatt,seema.bhatt821@gmail.com,IT23060,EN20239701,B
Piyush Roy,piyush.roy869@yahoo.com,PH20263,EN20200263,B
Neeraj Rao,neeraj.rao343@yahoo.com,CH23782,EN20230782,A
Archana Batra,archana.batra760@outlook.com,CH21658,EN20210658,D
Abhishek Srivastava,abhishek.srivastava484@gmail.com,EE21401,EN20210401,B
Lakshmi Walia,lakshmi.walia680@college.ac.in,BT22762,EN20220762,A
Aishwarya Bose,aishwarya.bose490@outlook.com,IT22822,EN20220822,D
Sneha Chadha,sneha.chadha828@outlook.com,PH24343,EN20240343,C
Tushar Pandey,tushar.pandey633@gmail.com,EC22876,EN20220876,C
Seema Das,seema.das246@gmail.com,IT21749,EN20210749,A
Gaurav Zaman,gaurav.zaman122@yahoo.com,BT23675,EN20230675,D
Deepak Tripathi,deepak.tripathi491@college.ac.in,PH24958,EN20240958,C
Deepika Mehta,deepika.mehta830@college.ac.in,MA23978,EN20230978,C
Rakesh Oberoi,rakesh.oberoi817@outlook.com,CH23353,EN20230353,C
Shivani Handa,shivani.handa357@outlook.com,PH20854,EN20200854,A
Anjali Choudhary,anjali.choudhary400@outlook.com,CS24886,EN20240886,B
Shruti Malhotra,shruti.malhotra432@student.edu,MA23949,EN20230949,A
Sanjeev Tiwari,sanjeev.tiwari995@outlook.com,CH23658,EN20230658,B
Anjali Vashistha,anjali.vashistha715@student.edu,EC23329,EN20230329,C
Ravi Murthy,ravi.murthy285@college.ac.in,IT21785,EN20212580,A
Vijay Choudhary,vijay.choudhary259@yahoo.com,ME22905,EN20220905,C
Vishal Grover,vishal.grover761@gmail.com,CH24310,EN20240310,D
Rahul Bose,rahul.bose766@college.ac.in,ME23462,EN20230462,D
Ekta Mehta,ekta.mehta184@outlook.com,EE21634,EN20210634,D
Nisha Prasad,nisha.prasad710@yahoo.com,EC21099,EN20210099,C
Nisha Luthra,nisha.luthra684@outlook.com,MA22131,EN20226011,D
Shruti Singh,shruti.singh13@yahoo.com,CS23424,EN20230424,C
Sachin Yadava,sachin.yadava417@college.ac.in,ME21531,EN20210531,B
Shivani Sinha,shivani.sinha300@outlook.com,BT21373,EN20210373,D
Siddharth Roy,siddharth.roy245@outlook.com,ME21040,EN20210040,D
Sachin Tripathi,sachin.tripathi274@college.ac.in,BT23299,EN20230299,A
Alok Varma,alok.varma302@yahoo.com,PH23889,EN20230889,D
Sanjay Goel,sanjay.goel969@gmail.com,MA22669,EN20220669,A
Varun Choudhary,varun.choudhary489@yahoo.com,CH20499,EN20200499,C
Yash Nair,yash.nair105@gmail.com,EE21835,EN20210835,A
Harsh Bahl,harsh.bahl715@gmail.com,ME23244,EN20239138,C
Vandana Verma,vandana.verma227@college.ac.in,EC21617,EN20210617,A
Neeraj Sethi,neeraj.sethi289@yahoo.com,PH23964,EN20230964,C
Neha Goel,neha.goel329@gmail.com,CH24885,EN20240885,D
Isha Khatri,isha.khatri588@gmail.com,IT22290,EN20220290,D
Ashish Lal,ashish.lal704@college.ac.in,EE22413,EN20220413,C
Kavya Luthra,kavya.luthra341@student.edu,EE22106,EN20220106,D
Himanshu Xavier,himanshu.xavier713@yahoo.com,ME22149,EN20220149,B
Ayesha Prasad,ayesha.prasad75@yahoo.com,CS21479,EN20210479,D
Himanshu Patel,himanshu.patel419@gmail.com,BT20057,EN20200057,C
Siddharth Goyal,siddharth.goyal327@student.edu,BT24184,EN20240184,B
Megha Rao,megha.rao950@outlook.com,EE23424,EN20232074,B
Yash Garg,yash.garg158@gmail.com,EE23227,EN20230227,A
Neha Verma,neha.verma896@student.edu,BT22526,EN20226310,A
Sanjay Grover,sanjay.grover626@college.ac.in,CS24573,EN20240573,C
Harsha Tiwari,harsha.tiwari600@college.ac.in,CE20541,EN20200541,B
Sara Rastogi,sara.rastogi646@college.ac.in,CH22277,EN20220277,C
Rohan Xavier,rohan.xavier156@yahoo.com,CH22887,EN20220887,A
Preeti Xavier,preeti.xavier715@outlook.com,CE20821,EN20200821,D
Rohan Upadhyay,rohan.upadhyay17@outlook.com,MA20294,EN20200294,C
Gaurav Kohli,gaurav.kohli676@yahoo.com,IT20781,EN20200781,C
Deepak Patel,deepak.patel969@college.ac.in,EC21930,EN20210930,C
Piyush Mathur,piyush.mathur196@gmail.com,IT20546,EN20200546,B
Sanjeev Mehta,sanjeev.mehta316@student.edu,EC20099,EN20200099,B
Seema Pandey,seema.pandey465@yahoo.com,BT20908,EN20200908,B
Ritika Garg,ritika.garg458@yahoo.com,IT21679,EN20210679,C
Seema Sinha,seema.sinha889@outlook.com,CS24059,EN20242197,D
Siddharth Murthy,siddharth.murthy966@outlook.com,EC23172,EN20230172,A
Ekta Iyer,ekta.iyer389@outlook.com,MA23151,EN20230151,B
Isha Jain,isha.jain576@yahoo.com,EC21849,EN20210849,C
Abhishek Mehta,abhishek.mehta366@gmail.com,CS23665,EN20236272,B
Disha Wadhwa,disha.wadhwa451@gmail.com,IT23483,EN20230483,D
Manish Nanda,manish.nanda437@college.ac.in,BT24615,EN20240615,B
Akash Madan,akash.madan399@gmail.com,MA23305,EN20230305,B
Rakesh Murthy,rakesh.murthy542@college.ac.in,EE23254,EN20230254,A
Radhika Nair,radhika.nair467@student.edu,PH23662,EN20230662,C
Akash Yadav,akash.yadav641@college.ac.in,MA20515,EN20200515,B
Rajat Jain,rajat.jain757@student.edu,CS23602,EN20230241,B
Aarav Watts,aarav.watts8@yahoo.com,PH22810,EN20220810,D
Ramesh Uppal,ramesh.uppal137@outlook.com,EC23926,EN20230926,A
Seema Pillai,seema.pillai464@student.edu,EE23076,EN20230076,C
Jyoti Bhatt,jyoti.bhatt829@gmail.com,PH20844,EN20200844,B
Alok Dhawan,alok.dhawan763@college.ac.in,MA24560,EN20240560,C
Usha Grover,usha.grover517@gmail.com,CE20212,EN20200212,A
Suresh Dey,suresh.dey901@college.ac.in,IT23780,EN20230780,D
Abhishek Nanda,abhishek.nanda111@yahoo.com,CH20549,EN20200549,A
Neha Yadav,neha.yadav398@college.ac.in,BT21061,EN20210061,B
Shweta Sinha,shweta.sinha751@yahoo.com,MA21273,EN20210273,D
Ankita Luthra,ankita.luthra540@college.ac.in,MA22817,EN20220817,C
Shivani Jha,shivani.jha158@student.edu,CS23306,EN20230306,C
Gaurav Chauhan,gaurav.chauhan397@gmail.com,PH20145,EN20200145,A
Meera Chadha,meera.chadha450@gmail.com,IT21253,EN20210253,B
Rohan Khatri,rohan.khatri880@yahoo.com,IT23894,EN20230894,B
Himanshu Rastogi,himanshu.rastogi583@gmail.com,MA21175,EN20210175,C
Kavya Pillai,kavya.pillai881@outlook.com,PH21244,EN20210244,D
Shweta Pillai,shweta.pillai265@student.edu,BT23177,EN20230177,D
Pooja Kapoor,pooja.kapoor499@outlook.com,ME20075,EN20200075,B
Archana Chandra,archana.chandra268@college.ac.in,EC24736,EN20240736,C
Priya Shukla,priya.shukla908@yahoo.com,PH21397,EN20210397,C
Usha Yadava,usha.yadava411@outlook.com,CH23046,EN20230046,D
Sonal Bajaj,sonal.bajaj167@college.ac.in,ME20403,EN20200403,A
Yash Uppal,yash.uppal241@yahoo.com,PH20059,EN20204309,D
Ravi Roy,ravi.roy705@outlook.com,MA21720,EN20210033,D
Aarav Sharma,aarav.sharma207@yahoo.com,BT24645,EN20240645,D
Rekha Luthra,rekha.luthra591@student.edu,CS24231,EN20242732,C
Sachin Patel,sachin.patel123@gmail.com,EE24117,EN20242196,C
Raj Agarwal,raj.agarwal648@student.edu,IT21788,EN20210788,A
Rakesh Sinha,rakesh.sinha450@outlook.com,BT24379,EN20240379,B
Tanvi Saxena,tanvi.saxena405@student.edu,ME21525,EN20218509,C
Shweta Naidu,shweta.naidu645@yahoo.com,CE21278,EN20210182,A
Ravi Pathak,ravi.pathak372@gmail.com,MA20273,EN20200273,D
Piyush Garg,piyush.garg150@college.ac.in,CE21970,EN20210970,C
Suresh Rao,suresh.rao457@gmail.com,EC20156,EN20200156,C
Siddharth Tiwari,siddharth.tiwari909@student.edu,CH21506,EN20213073,C
Mohit Rathore,mohit.rathore511@outlook.com,CH22795,EN20220795,C
Priyanka Roy,priyanka.roy540@outlook.com,EE23742,EN20230742,A
Anjali Chopra,anjali.chopra676@gmail.com,CS23949,EN20238093,B
Sanjay Choudhary,sanjay.choudhary995@gmail.com,MA20477,EN20200477,A
Ekta Murthy,ekta.murthy117@yahoo.com,EC23699,EN20230699,D
Amit Madan,amit.madan928@outlook.com,MA24519,EN20240519,A
Zara Batra,zara.batra323@outlook.com,PH20151,EN20200151,D
Aarav Bahl,aarav.bahl953@gmail.com,MA21406,EN20210406,C
Gaurav Walia,gaurav.walia530@college.ac.in,PH21460,EN20210460,B
Rajan Murthy,rajan.murthy821@college.ac.in,CS24955,EN20241426,C
Ramesh Sethi,ramesh.sethi730@gmail.com,CS23923,EN20230923,A
Vikram Mishra,vikram.mishra631@gmail.com,EE21139,EN20210139,C
Isha Sinha,isha.sinha827@outlook.com,CH22891,EN20220891,A
Lakshmi Oberoi,lakshmi.oberoi327@student.edu,CH21659,EN20210659,B
Yash Chopra,yash.chopra642@outlook.com,MA24391,EN20240391,D
Seema Yadav,seema.yadav544@college.ac.in,PH20160,EN20200160,D
Priya Sharma,priya.sharma247@student.edu,PH20736,EN20200736,C
Arjun Bhatt,arjun.bhatt39@student.edu,CE22611,EN20220611,B
Tanvi Kapoor,tanvi.kapoor89@college.ac.in,EC24699,EN20240699,B
Arvind Pathak,arvind.pathak852@student.edu,CH24278,EN20240278,C
Archana Agarwal,archana.agarwal625@yahoo.com,ME21216,EN20210216,C
Riya Gupta,riya.gupta287@student.edu,PH20260,EN20200260,B
Gaurav Nanda,gaurav.nanda137@college.ac.in,CS21266,EN20210266,D
Nisha Thakur,nisha.thakur128@outlook.com,PH21965,EN20210965,C
Mohit Mathur,mohit.mathur613@college.ac.in,MA23928,EN20230188,B
Payal Jha,payal.jha989@yahoo.com,ME23543,EN20237568,B
Isha Grover,isha.grover264@student.edu,PH20204,EN20200204,D
Aishwarya Singh,aishwarya.singh125@student.edu,IT20269,EN20200269,B
Usha Kumar,usha.kumar683@yahoo.com,EE23834,EN20230834,A
Kunal Bahl,kunal.bahl883@gmail.com,EC22127,EN20221889,D
Shweta Anand,shweta.anand990@yahoo.com,EC22150,EN20220150,D
Preeti Anand,preeti.anand545@yahoo.com,EE23214,EN20230214,C
Yash Chadha,yash.chadha912@yahoo.com,ME23182,EN20230182,C
Simran Watts,simran.watts84@yahoo.com,CE24449,EN20249788,D
Rakesh Goyal,rakesh.goyal651@yahoo.com,BT24209,EN20240209,A
Yasmin Thakur,yasmin.thakur126@college.ac.in,CS22242,EN20220242,C
Rohit Kapoor,rohit.kapoor370@outlook.com,IT23445,EN20230445,D
Sunil Dubey,sunil.dubey882@yahoo.com,BT24569,EN20240569,D
Aishwarya Yadav,aishwarya.yadav798@outlook.com,CH22386,EN20220386,D
Sachin Garg,sachin.garg398@yahoo.com,EC24095,EN20240095,A
Radhika Chawla,radhika.chawla894@yahoo.com,MA20198,EN20200198,D
Pankaj Roy,pankaj.roy665@student.edu,CE24296,EN20240296,C
Aditi Patel,aditi.patel499@gmail.com,BT21900,EN20210900,B
Pallavi Talwar,pallavi.talwar429@yahoo.com,MA24398,EN20240398,A
Vikram Chawla,vikram.chawla423@gmail.com,CS23178,EN20230178,B
Kriti Srivastava,kriti.srivastava426@gmail.com,BT22454,EN20220454,A
Priya Tiwari,priya.tiwari69@outlook.com,MA23182,EN20237188,D
Payal Xavier,payal.xavier541@yahoo.com,EE20021,EN20200021,C
Siddharth Rathore,siddharth.rathore864@yahoo.com,CE24207,EN20240207,D
Payal Joshi,payal.joshi426@outlook.com,EC20657,EN20200657,A
Himanshu Yadava,himanshu.yadava857@college.ac.in,IT22646,EN20220646,C
Amit Pandey,amit.pandey318@college.ac.in,CE21482,EN20210482,A
Kunal Yadava,kunal.yadava690@student.edu,EE22233,EN20220233,B
Sara Anand,sara.anand674@college.ac.in,CH22156,EN20220156,D
Neeraj Malhotra,neeraj.malhotra8@college.ac.in,CE22389,EN20220389,B
Shruti Ahuja,shruti.ahuja69@gmail.com,BT24103,EN20240103,D
Kriti Verma,kriti.verma229@student.edu,ME21132,EN20210132,C
Aarav Rathore,aarav.rathore222@yahoo.com,EE20750,EN20202773,A
Alok Bajaj,alok.bajaj396@gmail.com,IT20668,EN20200668,B
Lakshmi Goyal,lakshmi.goyal381@student.edu,CE23147,EN20231420,D
Pallavi Varma,pallavi.varma170@yahoo.com,EC22027,EN20220027,C
Jyoti Singh,jyoti.singh305@college.ac.in,CH21493,EN20210493,C
Arjun Varma,arjun.varma397@college.ac.in,BT24310,EN20242871,C
Aarav Khatri,aarav.khatri684@gmail.com,MA22063,EN20220063,A
Karan Chopra,karan.chopra375@college.ac.in,CH20265,EN20200265,D
Priya Vashistha,priya.vashistha614@gmail.com,CS23391,EN20230391,B
Sanjay Chauhan,sanjay.chauhan235@student.edu,CS21637,EN20217733,B
Priya Mathur,priya.mathur540@gmail.com,EE21427,EN20210427,B
Madhuri Sethi,madhuri.sethi970@outlook.com,MA23144,EN20230144,A
Siddharth Sinha,siddharth.sinha695@student.edu,CE21007,EN20210007,C
Ashish Vashistha,ashish.vashistha97@college.ac.in,PH21865,EN20210865,A
Kapil Tripathi,kapil.tripathi605@gmail.com,CS22170,EN20229295,D
Rakesh Bajaj,rakesh.bajaj342@student.edu,CH23161,EN20230161,A
Meera Uppal,meera.uppal838@college.ac.in,CS22100,EN20220100,D
Aditi Dey,aditi.dey903@student.edu,PH22679,EN20220679,D
Vijay Gupta,vijay.gupta898@college.ac.in,IT22249,EN20220249,C
Arjun Luthra,arjun.luthra354@student.edu,CE20608,EN20200608,A
Harsh Sharma,harsh.sharma861@outlook.com,CE23625,EN20230625,C
Gaurav Chandra,gaurav.chandra377@gmail.com,CH23814,EN20230814,C
Aditi Oberoi,aditi.oberoi108@yahoo.com,IT21802,EN20218361,D
Shweta Arora,shweta.arora134@outlook.com,ME24636,EN20240636,B
Lakshmi Kumar,lakshmi.kumar130@gmail.com,EE20314,EN20200314,B
Bhavna Handa,bhavna.handa484@student.edu,MA21650,EN20210650,A
Rakesh Nanda,rakesh.nanda887@outlook.com,CE22666,EN20220666,A
Yash Mehta,yash.mehta279@college.ac.in,PH21677,EN20210677,B
Sara Sinha,sara.sinha446@outlook.com,EC24116,EN20240116,C
Tushar Rathore,tushar.rathore860@yahoo.com,ME24856,EN20240856,D
Ashish Dua,ashish.dua336@yahoo.com,BT20873,EN20200873,A
Arvind Sinha,arvind.sinha891@college.ac.in,EE23207,EN20230575,B
Neha Nanda,neha.nanda747@student.edu,PH24646,EN20240646,C
Vishal Yadava,vishal.yadava909@outlook.com,CS24761,EN20240761,A
Vikram Upadhyay,vikram.upadhyay647@yahoo.com,EE23940,EN20230940,A
Aarav Lakhotia,aarav.lakhotia175@outlook.com,EE23312,EN20230312,C
Chetan Pathak,chetan.pathak94@outlook.com,EE20064,EN20203930,A
Sara Prasad,sara.prasad970@college.ac.in,CH24349,EN20240349,C
Aishwarya Choudhary,aishwarya.choudhary258@yahoo.com,ME23582,EN20230582,C
Tushar Varma,tushar.varma855@student.edu,ME22509,EN20220509,B
Tushar Rastogi,tushar.rastogi422@outlook.com,CH20407,EN20200407,D
Vinay Upadhyay,vinay.upadhyay750@student.edu,EE23939,EN20230939,C
Ramesh Gupta,ramesh.gupta137@gmail.com,CS21300,EN20210300,A
Pankaj Singh,pankaj.singh281@outlook.com,EE20847,EN20200847,D
Varun Watts,varun.watts398@college.ac.in,MA21414,EN20210414,C
Abhishek Rao,abhishek.rao344@yahoo.com,EC22250,EN20220250,D
Swati Arora,swati.arora400@gmail.com,CS24389,EN20246570,D
Deepika Singh,deepika.singh356@gmail.com,MA20971,EN20200971,A
Kriti Roy,kriti.roy545@yahoo.com,CH24417,EN20240417,D
Sara Singh,sara.singh556@yahoo.com,ME23926,EN20236078,D
Shivani Naidu,shivani.naidu610@gmail.com,CH20125,EN20200125,D
Aarav Bahl,aarav.bahl128@yahoo.com,IT21053,EN20210053,C
Shivani Dhawan,shivani.dhawan707@student.edu,CS21909,EN20210909,C
Shweta Handa,shweta.handa889@outlook.com,ME22420,EN20224559,B
Nidhi Arora,nidhi.arora174@outlook.com,CE23048,EN20234113,B
Manish Rathore,manish.rathore229@student.edu,IT23357,EN20230357,B
Preeti Goel,preeti.goel26@college.ac.in,ME22261,EN20220261,B
Naveen Khanna,naveen.khanna437@student.edu,IT22317,EN20220317,B
Pankaj Anand,pankaj.anand16@outlook.com,PH23850,EN20230850,B
Sanjay Xavier,sanjay.xavier240@college.ac.in,ME23295,EN20230295,A
Rakesh Iyer,rakesh.iyer422@outlook.com,CE21676,EN20210676,C
Jyoti Verma,jyoti.verma267@gmail.com,IT20102,EN20200102,B
Amit Bansal,amit.bansal994@college.ac.in,CS22174,EN20220174,C
Sonal Lal,sonal.lal670@yahoo.com,EE22317,EN20222884,D
Rakesh Uppal,rakesh.uppal131@college.ac.in,ME20703,EN20200703,C
Monika Lakhotia,monika.lakhotia654@student.edu,CS21163,EN20210163,B
Sakshi Joshi,sakshi.joshi402@outlook.com,EE21475,EN20210475,D
Rakesh Das,rakesh.das933@student.edu,EC23833,EN20230833,B
Amit Batra,amit.batra709@yahoo.com,IT23089,EN20233766,D
Tushar Negi,tushar.negi696@yahoo.com,EC24633,EN20240633,B
Madhuri Pandey,madhuri.pandey6@gmail.com,EE20095,EN20200095,A
Kunal Nanda,kunal.nanda945@gmail.com,IT24481,EN20240481,A
Piyush Luthra,piyush.luthra115@outlook.com,IT22446,EN20220446,D
Aditi Qureshi,aditi.qureshi333@outlook.com,PH20507,EN20200507,A
Nikhil Murthy,nikhil.murthy344@college.ac.in,CS22962,EN20220962,D
Shruti Batra,shruti.batra972@outlook.com,EE23931,EN20230931,A
Rakesh Handa,rakesh.handa52@college.ac.in,MA22693,EN20220693,C
Rohan Wadhwa,rohan.wadhwa267@gmail.com,EC24005,EN20240005,A
Deepika Oberoi,deepika.oberoi689@yahoo.com,MA21149,EN20210149,C
Lokesh Uppal,lokesh.uppal752@outlook.com,MA24643,EN20240643,D
Alok Jha,alok.jha747@college.ac.in,BT21891,EN20210891,D
Sanjeev Mishra,sanjeev.mishra797@yahoo.com,CS22144,EN20220144,B
Siddharth Sinha,siddharth.sinha96@student.edu,PH20608,EN20201234,C
Rajan Kumar,rajan.kumar758@yahoo.com,MA24859,EN20240859,C
Vivek Vij,vivek.vij868@yahoo.com,IT23848,EN20230848,B
Varun Ahuja,varun.ahuja291@outlook.com,PH24696,EN20240696,C
Harsha Rastogi,harsha.rastogi541@yahoo.com,CE22865,EN20228508,B
Ankita Dhawan,ankita.dhawan856@yahoo.com,ME21288,EN20210288,D
Sakshi Das,sakshi.das964@gmail.com,CE20569,EN20200569,C
Disha Vij,disha.vij548@student.edu,BT23807,EN20230807,C
Vijay Tripathi,vijay.tripathi409@student.edu,BT22957,EN20229547,A
Bhavna Negi,bhavna.negi813@yahoo.com,PH24794,EN20240794,B
Amit Srivastava,amit.srivastava633@yahoo.com,EC23070,EN20230070,C
Rohan Bajaj,rohan.bajaj173@gmail.com,CS21834,EN20210834,C
Pankaj Yadava,pankaj.yadava190@yahoo.com,CE24472,EN20240472,C
Manish Grover,manish.grover929@student.edu,BT24437,EN20240437,A
Tushar Sinha,tushar.sinha190@gmail.com,PH21265,EN20210265,A
Deepak Ahuja,deepak.ahuja880@student.edu,PH24318,EN20240318,C
Rajan Dua,rajan.dua54@yahoo.com,EC23762,EN20236021,A
Anjali Bajaj,anjali.bajaj885@student.edu,CS22305,EN20227442,A
Jyoti Walia,jyoti.walia108@college.ac.in,CE22041,EN20220041,B
Rohan Kumar,rohan.kumar348@outlook.com,EE21104,EN20217139,C
Pallavi Reddy,pallavi.reddy495@college.ac.in,IT21518,EN20210518,A
Raj Mathur,raj.mathur236@gmail.com,PH22946,EN20220946,A
Siddharth Tripathi,siddharth.tripathi299@student.edu,CH24797,EN20240797,C
Divya Rao,divya.rao431@yahoo.com,CH21499,EN20210499,D
Manish Tandon,manish.tandon537@student.edu,ME20766,EN20200766,A
Lokesh Tripathi,lokesh.tripathi567@outlook.com,IT21120,EN20210120,D
Deepak Tandon,deepak.tandon258@outlook.com,CE21487,EN20210487,A
Naveen Chandra,naveen.chandra226@college.ac.in,CE23215,EN20233423,C
Arjun Dua,arjun.dua705@yahoo.com,IT20453,EN20200453,B
Ankita Anand,ankita.anand217@college.ac.in,CS24264,EN20240264,C
Pankaj Vashistha,pankaj.vashistha698@gmail.com,IT21938,EN20210938,D
Akash Murthy,akash.murthy189@yahoo.com,EC21093,EN20210093,A
Neeraj Qureshi,neeraj.qureshi175@gmail.com,BT21589,EN20210589,C
Siddharth Khanna,siddharth.khanna348@college.ac.in,IT24416,EN20240416,B
Alok Goyal,alok.goyal99@outlook.com,ME20102,EN20207449,A
Seema Pandey,seema.pandey85@college.ac.in,BT21342,EN20210342,B
Rakesh Xavier,rakesh.xavier882@yahoo.com,EC21665,EN20210665,D
Usha Bose,usha.bose869@yahoo.com,CS21179,EN20210179,D
Shivani Bansal,shivani.bansal317@gmail.com,EC22881,EN20220881,B
